"","Vehicle.ID","Time","Local.Y","PrecVehLocalY","svel","PrecVehVel","dV","frspacing","PrecVehLength"
"1",11,0,50.20508,66.16815,4.42008,4.423,-0.00292000000000048,11.60397,4.3591
"2",11,0.1,50.64728,66.61045,4.42202,4.42305,-0.00103000000000009,11.60407,4.3591
"3",11,0.2,51.0897,67.05276,4.42416,4.42308,0.00107999999999997,11.60396,4.3591
"4",11,0.3,51.53247,67.49507,4.42768,4.4231,0.00457999999999981,11.6035,4.3591
"5",11,0.4,51.97584,67.93738,4.43372,4.42311,0.0106099999999998,11.60244,4.3591
"6",11,0.5,52.42025,68.37969,4.4441,4.42311,0.0209899999999994,11.60034,4.3591
"7",11,0.6,52.8664,68.822,4.46153,4.42311,0.0384199999999995,11.5965,4.3591
"8",11,0.7,53.3153,69.26431,4.48902,4.4231,0.0659200000000002,11.58991,4.3591
"9",11,0.8,53.76804,69.70662,4.52739,4.42308,0.10431,11.57948,4.3591
"10",11,0.9,54.22516,70.14892,4.57121,4.42305,0.14816,11.56466,4.3591
"11",11,1,54.68576,70.59122,4.60601,4.423,0.18301,11.54636,4.3591
"12",11,1.1,55.14691,71.03352,4.61145,4.42292,0.188529999999999,11.52751,4.3591
"13",11,1.2,55.60404,71.4758,4.57135,4.42283,0.14852,11.51266,4.3591
"14",11,1.3,56.05253,71.91807,4.48485,4.42275,0.0621,11.50644,4.3591
"15",11,1.4,56.48948,72.36035,4.36952,4.42274,-0.0532200000000005,11.51177,4.3591
"16",11,1.5,56.91475,72.80263,4.25272,4.42284,-0.17012,11.52878,4.3591
"17",11,1.6,57.33054,73.24494,4.15791,4.42305,-0.26514,11.5553,4.3591
"18",11,1.7,57.74018,73.68727,4.09639,4.42336,-0.326969999999999,11.58799,4.3591
"19",11,1.8,58.14709,74.12965,4.0691,4.42379,-0.354690000000001,11.62346,4.3591
"20",11,1.9,58.5545,74.5721,4.07411,4.42446,-0.35035,11.6585,4.3591
"21",11,2,58.96578,75.01465,4.11279,4.42557,-0.312779999999999,11.68977,4.3591
"22",11,2.1,59.38477,75.4574,4.18984,4.42742,-0.237579999999999,11.71353,4.3591
"23",11,2.2,59.8155,75.90044,4.30734,4.43046,-0.12312,11.72584,4.3591
"24",11,2.3,60.26125,76.34398,4.45753,4.43534,0.0221900000000002,11.72363,4.3591
"25",11,2.4,60.72335,76.78823,4.62101,4.44255,0.17846,11.70578,4.3591
"26",11,2.5,61.20068,77.23338,4.7733,4.45148,0.32182,11.6736,4.3591
"27",11,2.6,61.69025,77.67932,4.89568,4.45945,0.436229999999999,11.62997,4.3591
"28",11,2.7,62.18844,78.12561,4.98183,4.46289,0.518940000000001,11.57807,4.3591
"29",11,2.8,62.69208,78.57163,5.03642,4.46019,0.57623,11.52045,4.3591
"30",11,2.9,63.19895,79.01695,5.06872,4.45322,0.6155,11.4589,4.3591
"31",11,3,63.70767,79.46154,5.08718,4.44589,0.64129,11.39477,4.3591
"32",11,3.1,64.21742,79.90568,5.09753,4.44138,0.65615,11.32916,4.3591
"33",11,3.2,64.72774,80.34979,5.10323,4.44114,0.66209,11.26295,4.3591
"34",11,3.3,65.23838,80.7944,5.10635,4.44605,0.6603,11.19692,4.3591
"35",11,3.4,65.74919,81.24017,5.10806,4.45776,0.6503,11.13188,4.3591
"36",11,3.5,66.26008,81.68803,5.10899,4.47851,0.63048,11.06885,4.3591
"37",11,3.6,66.77104,82.13884,5.10951,4.5081,0.60141,11.0087,4.3591
"38",11,3.7,67.28202,82.5928,5.10982,4.53959,0.57023,10.95168,4.3591
"39",11,3.8,67.79302,83.04865,5.11003,4.55859,0.55144,10.89653,4.3591
"40",11,3.9,68.30404,83.50367,5.11018,4.55013,0.560049999999999,10.84053,4.3591
"41",11,4,68.81507,83.95457,5.11029,4.50907,0.60122,10.7804,4.3591
"42",11,4.1,69.3261,84.399,5.11031,4.44423,0.66608,10.7138,4.3591
"43",11,4.2,69.83712,84.83612,5.11026,4.37122,0.73904,10.6399,4.3591
"44",11,4.3,70.34814,85.26616,5.11019,4.30039,0.8098,10.55892,4.3591
"45",11,4.4,70.85916,85.68915,5.11014,4.22989,0.88025,10.47089,4.3591
"46",11,4.5,71.37017,86.10389,5.11011,4.14743,0.96268,10.37462,4.3591
"47",11,4.6,71.88118,86.50768,5.1101,4.03789,1.07221,10.2674,4.3591
"48",11,4.7,72.39219,86.89695,5.11011,3.89275,1.21736,10.14566,4.3591
"49",11,4.8,72.9032,87.26867,5.11013,3.71717,1.39296,10.00637,4.3591
"50",11,4.9,73.41422,87.6217,5.11017,3.5303,1.57987,9.84838,4.3591
"51",11,5,73.92524,87.95744,5.11022,3.35739,1.75283,9.6731,4.3591
"52",11,5.1,74.43626,88.27928,5.1102,3.21839,1.89181,9.48392,4.3591
"53",11,5.2,74.94726,88.59131,5.11004,3.12033,1.98971,9.28494999999999,4.3591
"54",11,5.3,75.45822,88.89712,5.10958,3.05806,2.05152,9.0798,4.3591
"55",11,5.4,75.96907,89.19922,5.10848,3.02102,2.08746,8.87104999999999,4.3591
"56",11,5.5,76.47967,89.49917,5.10601,2.99953,2.10648,8.66040000000001,4.3591
"57",11,5.6,76.98971,89.79788,5.10037,2.98706,2.11331,8.44907,4.3591
"58",11,5.7,77.4984,90.09584,5.08693,2.97965,2.10728,8.23833999999999,4.3591
"59",11,5.8,78.00404,90.39332,5.05635,2.97478,2.08157,8.03018,4.3591
"60",11,5.9,78.50348,90.6904,4.99439,2.97076,2.02363,7.82782,4.3591
"61",11,6,78.99198,90.98702,4.88507,2.96619,1.91888,7.63594,4.3591
"62",11,6.1,79.46372,91.28297,4.71733,2.95955,1.75778,7.46015000000001,4.3591
"63",11,6.2,79.91299,91.57784,4.49275,2.94865,1.5441,7.30575,4.3591
"64",11,6.3,80.33581,91.87084,4.22815,2.93003,1.29812,7.17593000000001,4.3591
"65",11,6.4,80.73086,92.16065,3.95059,2.89809,1.0525,7.07069,4.3591
"66",11,6.5,81.09987,92.44509,3.6901,2.84442,0.84568,6.98612,4.3591
"67",11,6.6,81.44712,92.72104,3.47248,2.75946,0.71302,6.91482,4.3591
"68",11,6.7,81.77826,92.98483,3.31135,2.63799,0.67336,6.84747,4.3591
"69",11,6.8,82.0987,93.23347,3.20439,2.48637,0.71802,6.77567,4.3591
"70",11,6.9,82.41256,93.46593,3.13864,2.32463,0.81401,6.69427,4.3591
"71",11,7,82.72253,93.68382,3.09973,2.17886,0.92087,6.60218999999999,4.3591
"72",11,7.1,83.03023,93.89063,3.07699,2.06809,1.0089,6.5013,4.3591
"73",11,7.2,83.3366,94.09026,3.06366,1.99625,1.06741,6.39456,4.3591
"74",11,7.3,83.64215,94.28574,3.05552,1.9549,1.10062,6.28449,4.3591
"75",11,7.4,83.94714,94.47898,3.0499,1.93235,1.11755,6.17274,4.3591
"76",11,7.5,84.25162,94.67098,3.04484,1.92004,1.1248,6.06026,4.3591
"77",11,7.6,84.55548,94.86231,3.0386,1.91322,1.12538,5.94772999999999,4.3591
"78",11,7.7,84.85839,95.05324,3.02908,1.90935,1.11973,5.83575,4.3591
"79",11,7.8,85.15971,95.24394,3.01322,1.90697,1.10625,5.72512999999999,4.3591
"80",11,7.9,85.45833,95.43445,2.98615,1.90509,1.08106,5.61701999999999,4.3591
"81",11,8,85.75239,95.62475,2.94061,1.90301,1.0376,5.51326,4.3591
"82",11,8.1,86.03923,95.81476,2.86839,1.90011,0.96828,5.41643,4.3591
"83",11,8.2,86.31573,96.00432,2.76501,1.89561,0.8694,5.32949000000001,4.3591
"84",11,8.3,86.57928,96.19314,2.63549,1.88819,0.7473,5.25476,4.3591
"85",11,8.4,86.82885,96.38069,2.49566,1.87554,0.62012,5.19274,4.3591
"86",11,8.5,87.06547,96.5661,2.36622,1.85413,0.51209,5.14153,4.3591
"87",11,8.6,87.29176,96.74811,2.26297,1.82004,0.44293,5.09725,4.3591
"88",11,8.7,87.51085,96.92522,2.19085,1.77115,0.4197,5.05526999999999,4.3591
"89",11,8.8,87.72539,97.09621,2.14539,1.70988,0.43551,5.01172,4.3591
"90",11,8.9,87.93723,97.26059,2.11845,1.64374,0.47471,4.96425999999999,4.3591
"91",11,9,88.14752,97.41883,2.10292,1.58248,0.52044,4.91221,4.3591
"92",11,9.1,88.35694,97.57219,2.09412,1.53355,0.56057,4.85615000000001,4.3591
"93",11,9.2,88.56586,97.72212,2.08924,1.49933,0.58991,4.79716,4.3591
"94",11,9.3,88.77452,97.8699,2.08656,1.47775,0.60881,4.73628000000001,4.3591
"95",11,9.4,88.98302,98.01639,2.08504,1.46498,0.62006,4.67427000000001,4.3591
"96",11,9.5,89.19143,98.16216,2.08412,1.45766,0.62646,4.61163,4.3591
"97",11,9.6,89.39979,98.30752,2.08358,1.45359,0.62999,4.54863,4.3591
"98",11,9.7,89.60812,98.45267,2.08332,1.45146,0.63186,4.48545,4.3591
"99",11,9.8,89.81644,98.59772,2.08319,1.45053,0.63266,4.42218,4.3591
"100",11,9.9,90.02475,98.74276,2.08307,1.45046,0.63261,4.35891000000001,4.3591
"101",11,10,90.23304,98.8879,2.08289,1.45131,0.63158,4.29576,4.3591
"102",11,10.1,90.4413,99.03324,2.08262,1.45344,0.62918,4.23284000000001,4.3591
"103",11,10.2,90.64952,99.17899,2.08223,1.45753,0.6247,4.17037,4.3591
"104",11,10.3,90.85769,99.32547,2.08165,1.46482,0.61683,4.10867999999999,4.3591
"105",11,10.4,91.06575,99.47322,2.08063,1.4775,0.60313,4.04837,4.3591
"106",11,10.5,91.27363,99.62312,2.07878,1.49899,0.57979,3.99039,4.3591
"107",11,10.6,91.48117,99.77644,2.07546,1.53315,0.54231,3.93616999999999,4.3591
"108",11,10.7,91.68813,99.93464,2.06958,1.58207,0.48751,3.88741,4.3591
"109",11,10.8,91.89406,100.09898,2.05928,1.64338,0.4159,3.84582,4.3591
"110",11,10.9,92.0982,100.26994,2.04142,1.70957,0.33185,3.81264,4.3591
"111",11,11,92.29932,100.44702,2.01121,1.77085,0.24036,3.7886,4.3591
"112",11,11.1,92.49564,100.629,1.96316,1.81974,0.14342,3.77426000000001,4.3591
"113",11,11.2,92.68505,100.81439,1.89413,1.85392,0.0402100000000001,3.77024,4.3591
"114",11,11.3,92.86576,101.00194,1.80709,1.87547,-0.0683799999999999,3.77708000000001,4.3591
"115",11,11.4,93.03696,101.19076,1.712,1.88824,-0.17624,3.7947,4.3591
"116",11,11.5,93.19915,101.38032,1.62186,1.89564,-0.27378,3.82206999999999,4.3591
"117",11,11.6,93.3538,101.57032,1.54654,1.89996,-0.35342,3.85741999999999,4.3591
"118",11,11.7,93.5028,101.76057,1.48996,1.90255,-0.41259,3.89867000000001,4.3591
"119",11,11.8,93.64799,101.951,1.45198,1.90425,-0.45227,3.94391,4.3591
"120",11,11.9,93.79109,102.14157,1.431,1.90567,-0.47467,3.99138,4.3591
"121",11,12,93.9335,102.3323,1.42406,1.90734,-0.48328,4.03970000000001,4.3591
"122",11,12.1,94.07613,102.5233,1.42627,1.90998,-0.48371,4.08807,4.3591
"123",11,12.2,94.21933,102.71477,1.43205,1.91477,-0.48272,4.13634,4.3591
"124",11,12.3,94.36309,102.90719,1.43754,1.92419,-0.48665,4.185,4.3591
"125",11,12.4,94.50723,103.10148,1.44142,1.94291,-0.50149,4.23514999999999,4.3591
"126",11,12.5,94.65161,103.29927,1.44381,1.97782,-0.53401,4.28856,4.3591
"127",11,12.6,94.79612,103.50286,1.44508,2.0359,-0.59082,4.34764,4.3591
"128",11,12.7,94.94067,103.71486,1.44547,2.12002,-0.67455,4.41509,4.3591
"129",11,12.8,95.08517,103.93736,1.44506,2.225,-0.77994,4.49308999999999,4.3591
"130",11,12.9,95.22954,104.17111,1.44369,2.33752,-0.89383,4.58247,4.3591
"131",11,13,95.37364,104.41523,1.441,2.44118,-1.00018,4.68249,4.3591
"132",11,13.1,95.51729,104.6676,1.43654,2.52372,-1.08718,4.79120999999999,4.3591
"133",11,13.2,95.66031,104.92574,1.43013,2.58138,-1.15125,4.90633000000001,4.3591
"134",11,13.3,95.80253,105.1875,1.42225,2.61766,-1.19541,5.02587,4.3591
"135",11,13.4,95.94395,105.4514,1.41415,2.639,-1.22485,5.14835000000001,4.3591
"136",11,13.5,96.0847,105.7165,1.4075,2.65102,-1.24352,5.2727,4.3591
"137",11,13.6,96.22508,105.98225,1.40389,2.65744,-1.25355,5.39806999999999,4.3591
"138",11,13.7,96.36555,106.24829,1.40469,2.66036,-1.25567,5.52364,4.3591
"139",11,13.8,96.50669,106.51436,1.41138,2.66076,-1.24938,5.64856999999999,4.3591
"140",11,13.9,96.64935,106.78024,1.42654,2.65879,-1.23225,5.77179000000001,4.3591
"141",11,14,96.79484,107.04562,1.45493,2.65379,-1.19886,5.89168000000001,4.3591
"142",11,14.1,96.94525,107.31003,1.50409,2.64416,-1.14007,6.00568,4.3591
"143",11,14.2,97.10351,107.57273,1.58259,2.62695,-1.04436,6.11012000000001,4.3591
"144",11,14.3,97.27301,107.83244,1.69506,2.59706,-0.902,6.20033000000001,4.3591
"145",11,14.4,97.45661,108.08706,1.83594,2.54623,-0.71029,6.27135,4.3591
"146",11,14.5,97.6554,108.33343,1.98797,2.46373,-0.47576,6.31893000000001,4.3591
"147",11,14.6,97.86826,108.56759,2.12858,2.34161,-0.21303,6.34022999999999,4.3591
"148",11,14.7,98.09231,108.78592,2.24045,2.18331,0.05714,6.33451000000001,4.3591
"149",11,14.8,98.32409,108.98673,2.31784,2.00806,0.30978,6.30354,4.3591
"150",11,14.9,98.56059,109.17129,2.36503,1.84557,0.51946,6.25159999999999,4.3591
"151",11,15,98.7996,109.34352,2.39009,1.7223,0.66779,6.18482,4.3591
"152",11,15.1,99.03956,109.50833,2.39962,1.64816,0.75146,6.10967000000001,4.3591
"153",11,15.2,99.2793,109.66976,2.39741,1.6143,0.78311,6.03135999999999,4.3591
"154",11,15.3,99.51788,109.83008,2.38575,1.60317,0.78258,5.95309999999999,4.3591
"155",11,15.4,99.75462,109.99014,2.36736,1.60057,0.76679,5.87641999999999,4.3591
"156",11,15.5,99.9892,110.15013,2.34585,1.59994,0.74591,5.80183000000001,4.3591
"157",11,15.6,100.22169,110.31009,2.32487,1.59963,0.72524,5.72930000000001,4.3591
"158",11,15.7,100.45233,110.47003,2.3064,1.59934,0.70706,5.65859999999999,4.3591
"159",11,15.8,100.68133,110.62991,2.28998,1.59885,0.69113,5.58947999999999,4.3591
"160",11,15.9,100.90862,110.78971,2.27295,1.59793,0.67502,5.52199,4.3591
"161",11,16,101.13373,110.94933,2.25105,1.59622,0.65483,5.4565,4.3591
"162",11,16.1,101.35561,111.10865,2.21887,1.59321,0.62566,5.39394,4.3591
"163",11,16.2,101.57275,111.26745,2.1714,1.58805,0.58335,5.3356,4.3591
"164",11,16.3,101.78357,111.42539,2.10814,1.57933,0.52881,5.28272,4.3591
"165",11,16.4,101.98735,111.58186,2.0378,1.56471,0.47309,5.23541,4.3591
"166",11,16.5,102.18518,111.73616,1.97834,1.54297,0.43537,5.19188,4.3591
"167",11,16.6,102.38008,111.88821,1.94897,1.52052,0.42845,5.14902999999999,4.3591
"168",11,16.7,102.57591,112.03997,1.95832,1.51764,0.44068,5.10496,4.3591
"169",11,16.8,102.77579,112.19631,1.99877,1.5634,0.43537,5.06142,4.3591
"170",11,16.9,102.981,112.36405,2.05215,1.67743,0.37472,5.02395000000001,4.3591
"171",11,17,103.19115,112.54938,2.10147,1.85331,0.24816,4.99913000000001,4.3591
"172",11,17.1,103.40499,112.75567,2.13845,2.06289,0.0755600000000003,4.99158,4.3591
"173",11,17.2,103.62126,112.98296,2.16266,2.27284,-0.11018,5.0026,4.3591
"174",11,17.3,103.83889,113.22816,2.17632,2.45205,-0.27573,5.03017,4.3591
"175",11,17.4,104.05696,113.48586,2.18065,2.57696,-0.39631,5.0698,4.3591
"176",11,17.5,104.27448,113.7504,2.17526,2.64543,-0.47017,5.11682,4.3591
"177",11,17.6,104.4904,114.01779,2.15914,2.67385,-0.51471,5.16829000000001,4.3591
"178",11,17.7,104.70361,114.28519,2.13209,2.67399,-0.5419,5.22248,4.3591
"179",11,17.8,104.91323,114.55,2.09628,2.6481,-0.55182,5.27767,4.3591
"180",11,17.9,105.11891,114.8098,2.05675,2.59802,-0.54127,5.33179,4.3591
"181",11,18,105.32088,115.06275,2.01971,2.52949,-0.50978,5.38276999999999,4.3591
"182",11,18.1,105.51985,115.3081,1.98968,2.45352,-0.46384,5.42914999999999,4.3591
"183",11,18.2,105.71663,115.54644,1.96786,2.38346,-0.4156,5.47071000000001,4.3591
"184",11,18.3,105.91189,115.77942,1.95254,2.32976,-0.37722,5.50843,4.3591
"185",11,18.4,106.10596,116.00911,1.9407,2.29694,-0.35624,5.54405000000001,4.3591
"186",11,18.5,106.29886,116.23759,1.92904,2.28473,-0.35569,5.57962999999999,4.3591
"187",11,18.6,106.49029,116.46674,1.91427,2.29153,-0.37726,5.61735,4.3591
"188",11,18.7,106.67963,116.6984,1.89342,2.31655,-0.42313,5.65967,4.3591
"189",11,18.8,106.86613,116.93441,1.86493,2.36011,-0.49518,5.70918,4.3591
"190",11,18.9,107.04913,117.17675,1.83003,2.4234,-0.59337,5.76851999999999,4.3591
"191",11,19,107.22844,117.42748,1.79315,2.50737,-0.71422,5.83994,4.3591
"192",11,19.1,107.40448,117.68842,1.76038,2.60937,-0.84899,5.92483999999999,4.3591
"193",11,19.2,107.57818,117.96043,1.737,2.72013,-0.98313,6.02315,4.3591
"194",11,19.3,107.75078,118.24298,1.72602,2.82546,-1.09944,6.1331,4.3591
"195",11,19.4,107.92368,118.53431,1.729,2.91332,-1.18432,6.25153,4.3591
"196",11,19.5,108.09852,118.83234,1.74838,2.98024,-1.23186,6.37472000000001,4.3591
"197",11,19.6,108.27745,119.13553,1.78932,3.0319,-1.24258,6.49898,4.3591
"198",11,19.7,108.46331,119.44345,1.8586,3.07927,-1.22067,6.62103999999999,4.3591
"199",11,19.8,108.6593,119.75695,1.95985,3.13497,-1.17512,6.73855,4.3591
"200",11,19.9,108.86808,120.07801,2.08779,3.21057,-1.12278,6.85083,4.3591
"201",11,20,109.09075,120.40927,2.2267,3.31261,-1.08591,6.95942000000001,4.3591
"202",11,20.1,109.32638,120.75306,2.35637,3.43788,-1.08151,7.06758,4.3591
"203",11,20.2,109.57256,121.11029,2.46173,3.57239,-1.11066,7.17863000000001,4.3591
"204",11,20.3,109.82645,121.48001,2.53894,3.6972,-1.15826,7.29446,4.3591
"205",11,20.4,110.08587,121.85981,2.59419,3.79793,-1.20374,7.41484,4.3591
"206",11,20.5,110.34974,122.24688,2.63874,3.87072,-1.23198,7.53804000000001,4.3591
"207",11,20.6,110.61826,122.639,2.68517,3.92116,-1.23599,7.66163999999999,4.3591
"208",11,20.7,110.8929,123.03492,2.74643,3.95928,-1.21285,7.78292,4.3591
"209",11,20.8,111.17635,123.43444,2.8345,3.99519,-1.16069,7.89899,4.3591
"210",11,20.9,111.47194,123.83813,2.95582,4.03691,-1.08109,8.00709,4.3591
"211",11,21,111.78249,124.247,3.10553,4.08867,-0.98314,8.10541,4.3591
"212",11,21.1,112.10911,124.66192,3.26625,4.14915,-0.8829,8.19370999999999,4.3591
"213",11,21.2,112.45061,125.08305,3.41498,4.21132,-0.79634,8.27334,4.3591
"214",11,21.3,112.80401,125.50957,3.53395,4.26526,-0.73131,8.34645999999999,4.3591
"215",11,21.4,113.16576,125.9398,3.61754,4.30229,-0.68475,8.41494,4.3591
"216",11,21.5,113.53285,126.37158,3.67087,4.31781,-0.64694,8.47963,4.3591
"217",11,21.6,113.9032,126.80279,3.70353,4.31206,-0.60853,8.54049,4.3591
"218",11,21.7,114.27563,127.232,3.72427,4.29209,-0.56782,8.59726999999999,4.3591
"219",11,21.8,114.64956,127.65939,3.7393,4.27389,-0.53459,8.65073000000001,4.3591
"220",11,21.9,115.02484,128.08723,3.75283,4.27847,-0.525640000000001,8.70329000000001,4.3591
"221",11,22,115.40162,128.51937,3.76776,4.32138,-0.55362,8.75865000000002,4.3591
"222",11,22.1,115.7802,128.95981,3.78586,4.4044,-0.61854,8.82051000000001,4.3591
"223",11,22.2,116.16097,129.41146,3.80772,4.51649,-0.70877,8.89139,4.3591
"224",11,22.3,116.54419,129.87558,3.83214,4.64123,-0.80909,8.97229000000001,4.3591
"225",11,22.4,116.92979,130.35195,3.85602,4.76366,-0.90764,9.06305999999999,4.3591
"226",11,22.5,117.31746,130.83937,3.87672,4.87419,-0.997469999999999,9.16281000000001,4.3591
"227",11,22.6,117.70708,131.33641,3.89614,4.97044,-1.0743,9.27023,4.3591
"228",11,22.7,118.09938,131.84178,3.92308,5.05363,-1.13055,9.3833,4.3591
"229",11,22.8,118.49655,132.35395,3.97164,5.12175,-1.15011,9.4983,4.3591
"230",11,22.9,118.9021,132.87089,4.05552,5.16943,-1.11391,9.60969,4.3591
"231",11,23,119.32017,133.39046,4.1807,5.19562,-1.01492,9.71118999999999,4.3591
"232",11,23.1,119.75418,133.91126,4.34014,5.20807,-0.86793,9.79797999999999,4.3591
"233",11,23.2,120.20557,134.43303,4.51388,5.21768,-0.703799999999999,9.86836000000001,4.3591
"234",11,23.3,120.67324,134.95602,4.67665,5.22986,-0.55321,9.92367999999999,4.3591
"235",11,23.4,121.15416,135.48034,4.80923,5.24327,-0.43404,9.96708000000001,4.3591
"236",11,23.5,121.64473,136.00587,4.9057,5.25524,-0.349539999999999,10.00204,4.3591
"237",11,23.6,122.14197,136.53242,4.97237,5.26553,-0.29316,10.03135,4.3591
"238",11,23.7,122.64411,137.06003,5.02146,5.27604,-0.25458,10.05682,4.3591
"239",11,23.8,123.15071,137.589,5.06596,5.28979,-0.22383,10.07919,4.3591
"240",11,23.9,123.66254,138.12006,5.11829,5.31059,-0.1923,10.09842,4.3591
"241",11,24,124.18158,138.6543,5.19042,5.34241,-0.151990000000001,10.11362,4.3591
"242",11,24.1,124.71062,139.19304,5.29042,5.38738,-0.0969600000000002,10.12332,4.3591
"243",11,24.2,125.25219,139.7374,5.41563,5.44356,-0.0279299999999996,10.12611,4.3591
"244",11,24.3,125.80705,140.28784,5.54864,5.5044,0.0442399999999994,10.12169,4.3591
"245",11,24.4,126.37339,140.84396,5.66338,5.56126,0.10212,10.11147,4.3591
"246",11,24.5,126.94757,141.40473,5.74179,5.60767,0.13412,10.09806,4.3591
"247",11,24.6,127.5263,141.96894,5.78731,5.64212,0.145189999999999,10.08354,4.3591
"248",11,24.7,128.10824,142.53571,5.81945,5.66762,0.151829999999999,10.06837,4.3591
"249",11,24.8,128.6936,143.10467,5.85354,5.68968,0.16386,10.05197,4.3591
"250",11,24.9,129.28236,143.67615,5.88766,5.71478,0.17288,10.03469,4.3591
"251",11,25,129.87344,144.25117,5.9108,5.75016,0.16064,10.01863,4.3591
"252",11,25.1,130.46564,144.83149,5.92199,5.80324,0.11875,10.00675,4.3591
"253",11,25.2,131.05936,145.41937,5.9372,5.87882,0.0583799999999997,10.00091,4.3591
"254",11,25.3,131.6568,146.01684,5.97436,5.97471,-0.000350000000000072,10.00094,4.3591
"255",11,25.4,132.26012,146.62483,6.03324,6.07988,-0.04664,10.00561,4.3591
"256",11,25.5,132.86945,147.24267,6.09328,6.17836,-0.0850799999999996,10.01412,4.3591
"257",11,25.6,133.48263,147.86836,6.13179,6.25695,-0.12516,10.02663,4.3591
"258",11,25.7,134.09686,148.49943,6.14233,6.31069,-0.16836,10.04347,4.3591
"259",11,25.8,134.71037,149.13363,6.13505,6.34199,-0.20694,10.06416,4.3591
"260",11,25.9,135.32269,149.76922,6.12323,6.35593,-0.232699999999999,10.08743,4.3591
"261",11,26,135.93405,150.40497,6.11358,6.35745,-0.24387,10.11182,4.3591
"262",11,26.1,136.54475,151.0404,6.10702,6.35434,-0.247319999999999,10.13655,4.3591
"263",11,26.2,137.15503,151.67674,6.10282,6.36337,-0.260549999999999,10.16261,4.3591
"264",11,26.3,137.76505,152.31773,6.10021,6.40988,-0.309670000000001,10.19358,4.3591
"265",11,26.4,138.37491,152.96924,6.09861,6.51514,-0.41653,10.23523,4.3591
"266",11,26.5,138.98468,153.63723,6.09762,6.67991,-0.58229,10.29345,4.3591
"267",11,26.6,139.59437,154.32536,6.09696,6.88131,-0.78435,10.37189,4.3591
"268",11,26.7,140.20401,155.03383,6.09644,7.0847,-0.988259999999999,10.47072,4.3591
"269",11,26.8,140.81361,155.75969,6.09596,7.25858,-1.16262,10.58698,4.3591
"270",11,26.9,141.42316,156.49817,6.09546,7.38478,-1.28932,10.71591,4.3591
"271",11,27,142.03264,157.24427,6.09483,7.46098,-1.36615,10.85253,4.3591
"272",11,27.1,142.64203,157.99365,6.09387,7.49385,-1.39998,10.99252,4.3591
"273",11,27.2,143.25126,158.74268,6.09228,7.49024,-1.39796,11.13232,4.3591
"274",11,27.3,143.86024,159.48821,6.08986,7.45536,-1.3655,11.26887,4.3591
"275",11,27.4,144.46892,160.22793,6.08682,7.39715,-1.31033,11.39991,4.3591
"276",11,27.5,145.07734,160.96087,6.08412,7.32947,-1.24535,11.52443,4.3591
"277",11,27.6,145.68564,161.68781,6.08301,7.26939,-1.18638,11.64307,4.3591
"278",11,27.7,146.29405,162.41097,6.08409,7.23158,-1.14749,11.75782,4.3591
"279",11,27.8,146.90272,163.13343,6.08676,7.22463,-1.13787,11.87161,4.3591
"280",11,27.9,147.5117,163.85839,6.08975,7.24952,-1.15977,11.98759,4.3591
"281",11,28,148.12091,164.58819,6.09212,7.29803,-1.20591,12.10818,4.3591
"282",11,28.1,148.73027,165.32342,6.09365,7.35227,-1.25862,12.23405,4.3591
"283",11,28.2,149.33973,166.06242,6.09457,7.39006,-1.29549,12.36359,4.3591
"284",11,28.3,149.94924,166.80201,6.09509,7.39592,-1.30083,12.49367,4.3591
"285",11,28.4,150.55877,167.53902,6.09529,7.37006,-1.27477,12.62115,4.3591
"286",11,28.5,151.16828,168.27174,6.09514,7.32722,-1.23208,12.74436,4.3591
"287",11,28.6,151.77776,169.00021,6.09482,7.28463,-1.18981,12.86335,4.3591
"288",11,28.7,152.38729,169.72514,6.09527,7.24934,-1.15407,12.97875,4.3591
"289",11,28.8,152.99717,170.44672,6.09879,7.21577,-1.11698,13.09045,4.3591
"290",11,28.9,153.60803,171.16409,6.10858,7.17376,-1.06518,13.19696,4.3591
"291",11,29,154.22071,171.87576,6.12679,7.11668,-0.98989,13.29595,4.3591
"292",11,29.1,154.83595,172.57991,6.15246,7.04152,-0.889060000000001,13.38486,4.3591
"293",11,29.2,155.45411,173.27443,6.1816,6.94512,-0.76352,13.46122,4.3591
"294",11,29.3,156.07509,173.95693,6.20978,6.82504,-0.61526,13.52274,4.3591
"295",11,29.4,156.6986,174.62545,6.23505,6.68521,-0.450159999999999,13.56775,4.3591
"296",11,29.5,157.32452,175.27933,6.25923,6.53877,-0.279540000000001,13.59571,4.3591
"297",11,29.6,157.95326,175.91971,6.28745,6.40379,-0.11634,13.60735,4.3591
"298",11,29.7,158.58597,176.5492,6.32705,6.29493,0.0321199999999999,13.60413,4.3591
"299",11,29.8,159.22453,177.17097,6.3856,6.21768,0.167920000000001,13.58734,4.3591
"300",11,29.9,159.87124,177.78783,6.46711,6.16859,0.29852,13.55749,4.3591
"301",11,30,160.528,178.40179,6.56761,6.13961,0.428,13.51469,4.3591
"302",11,30.1,161.19541,179.01407,6.67409,6.12281,0.551279999999999,13.45956,4.3591
"303",11,30.2,161.87235,179.62534,6.76941,6.11268,0.65673,13.39389,4.3591
"304",11,30.3,162.55638,180.23595,6.84029,6.1061,0.734190000000001,13.32047,4.3591
"305",11,30.4,163.24459,180.8461,6.88214,6.10153,0.780609999999999,13.24241,4.3591
"306",11,30.5,163.93427,181.45594,6.89674,6.09835,0.79839,13.16257,4.3591
"307",11,30.6,164.62281,182.06558,6.88539,6.09646,0.78893,13.08367,4.3591
"308",11,30.7,165.30719,182.67517,6.84388,6.09591,0.74797,13.00888,4.3591
"309",11,30.8,165.98361,183.28482,6.7642,6.09647,0.66773,12.94211,4.3591
"310",11,30.9,166.64785,183.89457,6.64233,6.09753,0.5448,12.88762,4.3591
"311",11,31,167.29646,184.50441,6.48608,6.0984,0.38768,12.84885,4.3591
"312",11,31.1,167.9281,185.11427,6.31641,6.09858,0.21783,12.82707,4.3591
"313",11,31.2,168.5441,185.72407,6.16004,6.09797,0.0620700000000003,12.82087,4.3591
"314",11,31.3,169.14793,186.33374,6.03828,6.09672,-0.05844,12.82671,4.3591
"315",11,31.4,169.74397,186.9432,5.96036,6.09459,-0.134230000000001,12.84013,4.3591
"316",11,31.5,170.33652,187.55223,5.92553,6.09033,-0.1648,12.85661,4.3591
"317",11,31.6,170.92959,188.16041,5.93076,6.0818,-0.15104,12.87172,4.3591
"318",11,31.7,171.5273,188.76713,5.97709,6.06714,-0.0900500000000006,12.88073,4.3591
"319",11,31.8,172.13421,189.37175,6.06907,6.04625,0.0228200000000003,12.87844,4.3591
"320",11,31.9,172.75498,189.97391,6.20768,6.02159,0.18609,12.85983,4.3591
"321",11,32,173.39325,190.57364,6.38267,5.99734,0.38533,12.82129,4.3591
"322",11,32.1,174.05039,191.1714,6.57147,5.97752,0.59395,12.76191,4.3591
"323",11,32.2,174.72502,191.76782,6.74625,5.96422,0.78203,12.6837,4.3591
"324",11,32.3,175.41345,192.36355,6.88436,5.9573,0.92706,12.591,4.3591
"325",11,32.4,176.11099,192.9591,6.97541,5.95556,1.01985,12.48901,4.3591
"326",11,32.5,176.813,193.55492,7.02007,5.95815,1.06192,12.38282,4.3591
"327",11,32.6,177.51523,194.15146,7.02226,5.96545,1.05681,12.27713,4.3591
"328",11,32.7,178.21347,194.74938,6.98241,5.97912,1.00329,12.17681,4.3591
"329",11,32.8,178.90329,195.34952,6.89823,6.00145,0.89678,12.08713,4.3591
"330",11,32.9,179.5804,195.9529,6.77112,6.03374,0.73738,12.0134,4.3591
"331",11,33,180.24144,196.56033,6.61041,6.07434,0.53607,11.95979,4.3591
"332",11,33.1,180.88451,197.17214,6.43065,6.11815,0.3125,11.92853,4.3591
"333",11,33.2,181.50905,197.78799,6.24543,6.15846,0.08697,11.91984,4.3591
"334",11,33.3,182.11559,198.407,6.06536,6.19007,-0.12471,11.93231,4.3591
"335",11,33.4,182.70567,199.02811,5.9008,6.21113,-0.31033,11.96334,4.3591
"336",11,33.5,183.28197,199.65037,5.76297,6.22262,-0.45965,12.0093,4.3591
"337",11,33.6,183.84794,200.27303,5.65979,6.22653,-0.56674,12.06599,4.3591
"338",11,33.7,184.40709,200.8955,5.59144,6.22472,-0.633279999999999,12.12931,4.3591
"339",11,33.8,184.96222,201.51738,5.55134,6.21877,-0.66743,12.19606,4.3591
"340",11,33.9,185.51534,202.1384,5.53116,6.21024,-0.67908,12.26396,4.3591
"341",11,34,186.06783,202.75846,5.52493,6.20056,-0.67563,12.33153,4.3591
"342",11,34.1,186.62077,203.37755,5.52943,6.1909,-0.66147,12.39768,4.3591
"343",11,34.2,187.17504,203.99576,5.54262,6.18217,-0.63955,12.46162,4.3591
"344",11,34.3,187.73121,204.61328,5.56175,6.17513,-0.61338,12.52297,4.3591
"345",11,34.4,188.2895,205.23029,5.58287,6.17016,-0.58729,12.58169,4.3591
"346",11,34.5,188.84969,205.847,5.60192,6.16705,-0.56513,12.63821,4.3591
"347",11,34.6,189.41133,206.46352,5.61636,6.16523,-0.54887,12.69309,4.3591
"348",11,34.7,189.97391,207.07994,5.62589,6.16415,-0.53826,12.74693,4.3591
"349",11,34.8,190.53708,207.69629,5.63166,6.1635,-0.53184,12.80011,4.3591
"350",11,34.9,191.10058,208.3126,5.63501,6.1631,-0.52809,12.85292,4.3591
"351",11,35,191.66427,208.92888,5.63691,6.16281,-0.5259,12.90551,4.3591
"352",11,35.1,192.22807,209.54513,5.63797,6.16253,-0.52456,12.95796,4.3591
"353",11,35.2,192.79192,210.16135,5.63851,6.16217,-0.52366,13.01033,4.3591
"354",11,35.3,193.35579,210.7775,5.63874,6.16156,-0.522819999999999,13.06261,4.3591
"355",11,35.4,193.91967,211.39355,5.63872,6.16045,-0.52173,13.11478,4.3591
"356",11,35.5,194.48351,212.0094,5.63848,6.15854,-0.52006,13.16679,4.3591
"357",11,35.6,195.04731,212.62495,5.63796,6.15543,-0.51747,13.21854,4.3591
"358",11,35.7,195.61102,213.24003,5.63706,6.15085,-0.51379,13.26991,4.3591
"359",11,35.8,196.17457,213.85456,5.63558,6.14527,-0.50969,13.32089,4.3591
"360",11,35.9,196.7379,214.46857,5.63322,6.14019,-0.50697,13.37157,4.3591
"361",11,36,197.30091,215.0823,5.63013,6.13729,-0.50716,13.42229,4.3591
"362",11,36.1,197.86379,215.69601,5.62878,6.13709,-0.50831,13.47312,4.3591
"363",11,36.2,198.42738,216.30983,5.6359,6.13814,-0.50224,13.52335,4.3591
"364",11,36.3,198.99348,216.92357,5.66104,6.13742,-0.47638,13.57099,4.3591
"365",11,36.4,199.56451,217.5367,5.71026,6.13135,-0.42109,13.61309,4.3591
"366",11,36.5,200.14242,218.1483,5.77912,6.11596,-0.33684,13.64678,4.3591
"367",11,36.6,200.72765,218.75689,5.85229,6.08587,-0.23358,13.67014,4.3591
"368",11,36.7,201.31877,219.36019,5.91128,6.03304,-0.12176,13.68232,4.3591
"369",11,36.8,201.91308,219.95502,5.94307,5.94826,-0.00519000000000069,13.68284,4.3591
"370",11,36.9,202.50734,220.53768,5.94263,5.82662,0.11601,13.67124,4.3591
"371",11,37,203.09845,221.10509,5.91107,5.67413,0.23694,13.64754,4.3591
"372",11,37.1,203.68394,221.65605,5.8549,5.50961,0.345289999999999,13.61301,4.3591
"373",11,37.2,204.26254,222.19194,5.78601,5.35885,0.42716,13.5703,4.3591
"374",11,37.3,204.83441,222.71639,5.71869,5.24454,0.47415,13.52288,4.3591
"375",11,37.4,205.40072,223.23432,5.66313,5.17933,0.4838,13.4745,4.3591
"376",11,37.5,205.96271,223.75095,5.6199,5.16628,0.45362,13.42914,4.3591
"377",11,37.6,206.52065,224.27147,5.57933,5.20523,0.374099999999999,13.39172,4.3591
"378",11,37.7,207.07336,224.80131,5.52712,5.29839,0.22873,13.36885,4.3591
"379",11,37.8,207.61889,225.34613,5.45529,5.44813,0.00715999999999983,13.36814,4.3591
"380",11,37.9,208.15607,225.91079,5.37183,5.64663,-0.2748,13.39562,4.3591
"381",11,38,208.68595,226.49835,5.29878,5.87562,-0.57684,13.4533,4.3591
"382",11,38.1,209.21167,227.11023,5.25721,6.11882,-0.861610000000001,13.53946,4.3591
"383",11,38.2,209.73698,227.74676,5.25313,6.36525,-1.11212,13.65068,4.3591
"384",11,38.3,210.26472,228.40731,5.27743,6.60552,-1.32809,13.78349,4.3591
"385",11,38.4,210.7964,229.09043,5.3168,6.83118,-1.51438,13.93493,4.3591
"386",11,38.5,211.33259,229.79389,5.36187,7.0346,-1.67273,14.1022,4.3591
"387",11,38.6,211.87327,230.51482,5.40679,7.20931,-1.80252,14.28245,4.3591
"388",11,38.7,212.41791,231.24992,5.44642,7.35101,-1.90459,14.47291,4.3591
"389",11,38.8,212.9656,231.99587,5.47685,7.45952,-1.98267,14.67117,4.3591
"390",11,38.9,213.51533,232.75016,5.4973,7.54292,-2.04562,14.87573,4.3591
"391",11,39,214.06632,233.51271,5.50988,7.62544,-2.11556,15.08729,4.3591
"392",11,39.1,214.61807,234.28551,5.51757,7.72803,-2.21046,15.30834,4.3591
"393",11,39.2,215.17035,235.06949,5.52277,7.83975,-2.31698,15.54004,4.3591
"394",11,39.3,215.72307,235.86343,5.52719,7.93943,-2.41224,15.78126,4.3591
"395",11,39.4,216.2763,236.66557,5.53226,8.02138,-2.48912,16.03017,4.3591
"396",11,39.5,216.83025,237.47488,5.53959,8.0931,-2.55351,16.28553,4.3591
"397",11,39.6,217.38542,238.29189,5.55165,8.17011,-2.61846,16.54737,4.3591
"398",11,39.7,217.94268,239.11896,5.57257,8.27071,-2.69814,16.81718,4.3591
"399",11,39.8,218.50348,239.95984,5.60808,8.40881,-2.80073,17.09726,4.3591
"400",11,39.9,219.06977,240.81831,5.66289,8.58475,-2.92186,17.38944,4.3591
"401",11,40,219.64341,241.6964,5.73636,8.78086,-3.0445,17.69389,4.3591
"402",11,40.1,220.22541,242.59315,5.82005,8.96749,-3.14744,18.00864,4.3591
"403",11,40.2,220.81545,243.50482,5.90034,9.11666,-3.21632,18.33027,4.3591
"404",11,40.3,221.41195,244.4264,5.96501,9.21584,-3.25083,18.65535,4.3591
"405",11,40.4,222.01282,245.35367,6.00875,9.27268,-3.26393,18.98175,4.3591
"406",11,40.5,222.61624,246.28434,6.03417,9.3067,-3.27253,19.309,4.3591
"407",11,40.6,223.22114,247.21804,6.04901,9.33705,-3.28804,19.6378,4.3591
"408",11,40.7,223.82733,248.15577,6.06192,9.37731,-3.31539,19.96934,4.3591
"409",11,40.8,224.43524,249.09943,6.0791,9.43652,-3.35742,20.30509,4.3591
"410",11,40.9,225.04563,250.05132,6.10382,9.51895,-3.41513,20.64659,4.3591
"411",11,41,225.65952,251.01343,6.1389,9.62107,-3.48217,20.99481,4.3591
"412",11,41.1,226.27856,251.98651,6.19049,9.73078,-3.54029,21.34885,4.3591
"413",11,41.2,226.90552,252.96972,6.26952,9.83219,-3.56267,21.7051,4.3591
"414",11,41.3,227.54433,253.96111,6.38816,9.9139,-3.52574,22.05768,4.3591
"415",11,41.4,228.1995,254.95864,6.55166,9.97525,-3.42359,22.40004,4.3591
"416",11,41.5,228.87462,255.96133,6.75119,10.02695,-3.27576,22.72761,4.3591
"417",11,41.6,229.57105,256.96999,6.96432,10.08657,-3.12225,23.03984,4.3591
"418",11,41.7,230.28737,257.98723,7.16319,10.17241,-3.00922,23.34076,4.3591
"419",11,41.8,231.01989,259.01706,7.32521,10.29829,-2.97308,23.63807,4.3591
"420",11,41.9,231.76401,260.06391,7.44115,10.46848,-3.02733,23.9408,4.3591
"421",11,42,232.51557,261.1313,7.51569,10.67394,-3.15825,24.25663,4.3591
"422",11,42.1,233.27161,262.22064,7.56035,10.89331,-3.33296,24.58993,4.3591
"423",11,42.2,234.03023,263.33055,7.58621,11.09913,-3.51292,24.94122,4.3591
"424",11,42.3,234.79032,264.45723,7.60088,11.2668,-3.66592,25.30781,4.3591
"425",11,42.4,235.55121,265.59547,7.60886,11.38237,-3.77351,25.68516,4.3591
"426",11,42.5,236.31248,266.73989,7.61275,11.44427,-3.83152,26.06831,4.3591
"427",11,42.6,237.07387,267.88566,7.61394,11.45769,-3.84375,26.45269,4.3591
"428",11,42.7,237.83518,269.02851,7.61304,11.42843,-3.81539,26.83423,4.3591
"429",11,42.8,238.59622,270.16469,7.61039,11.36182,-3.75143,27.20937,4.3591
"430",11,42.9,239.3569,271.29119,7.6068,11.26501,-3.65821,27.57519,4.3591
"431",11,43,240.11733,272.40606,7.60435,11.14869,-3.54434,27.92963,4.3591
"432",11,43.1,240.87792,273.50875,7.60588,11.02696,-3.42108,28.27173,4.3591
"433",11,43.2,241.63928,274.60024,7.61362,10.9149,-3.30128,28.60186,4.3591
"434",11,43.3,242.40214,275.68267,7.62858,10.8243,-3.19572,28.92143,4.3591
"435",11,43.4,243.16734,276.75863,7.65206,10.75955,-3.10749,29.23219,4.3591
"436",11,43.5,243.93616,277.83035,7.68816,10.71719,-3.02903,29.53509,4.3591
"437",11,43.6,244.71064,278.8993,7.74482,10.68954,-2.94472,29.82956,4.3591
"438",11,43.7,245.49378,279.9662,7.83137,10.66897,-2.8376,30.11332,4.3591
"439",11,43.8,246.28915,281.03118,7.95369,10.64984,-2.69615,30.38293,4.3591
"440",11,43.9,247.10017,282.09407,8.11025,10.62889,-2.51864,30.6348,4.3591
"441",11,44,247.92932,283.15461,8.29143,10.60536,-2.31393,30.86619,4.3591
"442",11,44.1,248.77754,284.21268,8.48227,10.58073,-2.09846,31.07604,4.3591
"443",11,44.2,249.64418,285.26842,8.66638,10.5574,-1.89102,31.26514,4.3591
"444",11,44.3,250.52716,286.3221,8.8298,10.5368,-1.707,31.43584,4.3591
"445",11,44.4,251.42368,287.37392,8.96521,10.51822,-1.55301,31.59114,4.3591
"446",11,44.5,252.3312,288.42378,9.07519,10.49862,-1.42343,31.73348,4.3591
"447",11,44.6,253.24848,289.47109,9.17277,10.47303,-1.30026,31.86351,4.3591
"448",11,44.7,254.17629,290.51456,9.27807,10.43471,-1.15664,31.97917,4.3591
"449",11,44.8,255.11745,291.5522,9.41159,10.37648,-0.96489,32.07565,4.3591
"450",11,44.9,256.07596,292.58164,9.58516,10.2944,-0.709239999999999,32.14658,4.3591
"451",11,45,257.05532,293.60086,9.79363,10.19219,-0.39856,32.18644,4.3591
"452",11,45.1,258.05712,294.60909,10.01794,10.08228,-0.0643400000000014,32.19287,4.3591
"453",11,45.2,259.0807,295.6072,10.23581,9.98111,0.254700000000001,32.1674,4.3591
"454",11,45.3,260.12324,296.59735,10.42542,9.90144,0.523980000000002,32.11501,4.3591
"455",11,45.4,261.17995,297.58213,10.56704,9.84789,0.719150000000001,32.04308,4.3591
"456",11,45.5,262.24487,298.56396,10.64928,9.81824,0.83104,31.95999,4.3591
"457",11,45.6,263.31284,299.54478,10.67967,9.80821,0.871459999999999,31.87284,4.3591
"458",11,45.7,264.38084,300.52636,10.68,9.81578,0.86422,31.78642,4.3591
"459",11,45.8,265.44749,301.51069,10.66644,9.84331,0.823129999999999,31.7041,4.3591
"460",11,45.9,266.51219,302.50034,10.64706,9.89652,0.750539999999999,31.62905,4.3591
"461",11,46,267.57494,303.49829,10.6275,9.97952,0.647979999999999,31.56425,4.3591
"462",11,46.1,268.63605,304.50709,10.61113,10.08795,0.52318,31.51194,4.3591
"463",11,46.2,269.69619,305.52769,10.60135,10.20601,0.395340000000001,31.4724,4.3591
"464",11,46.3,270.75641,306.55891,10.6022,10.31218,0.29002,31.4434,4.3591
"465",11,46.4,271.81799,307.59787,10.61578,10.38958,0.2262,31.42078,4.3591
"466",11,46.5,272.88203,308.64101,10.64038,10.43145,0.208930000000001,31.39988,4.3591
"467",11,46.6,273.94933,309.68487,10.67298,10.43857,0.23441,31.37644,4.3591
"468",11,46.7,275.02075,310.72636,10.71422,10.41496,0.299259999999999,31.34651,4.3591
"469",11,46.8,276.09777,311.76313,10.77024,10.36764,0.4026,31.30626,4.3591
"470",11,46.9,277.18267,312.79387,10.84899,10.30746,0.54153,31.2521000000001,4.3591
"471",11,47,278.27803,313.81849,10.95362,10.24614,0.70748,31.18136,4.3591
"472",11,47.1,279.38575,314.83751,11.07716,10.19018,0.886979999999999,31.09266,4.3591
"473",11,47.2,280.5059,315.85123,11.20152,10.13728,1.06424,30.98623,4.3591
"474",11,47.3,281.63624,316.85911,11.30341,10.07876,1.22465,30.86377,4.3591
"475",11,47.4,282.77279,317.85983,11.36552,10.00721,1.35831,30.72794,4.3591
"476",11,47.5,283.91146,318.85251,11.38667,9.92681,1.45986,30.58195,4.3591
"477",11,47.6,285.04974,319.83846,11.38276,9.85952,1.52324,30.42962,4.3591
"478",11,47.7,286.18736,320.82232,11.37628,9.83856,1.53772,30.27586,4.3591
"479",11,47.8,287.32558,321.81125,11.3822,9.88932,1.49288,30.12657,4.3591
"480",11,47.9,288.46585,322.81243,11.40265,10.01175,1.3909,29.98748,4.3591
"481",11,48,289.60912,323.83041,11.4327,10.17986,1.25284,29.86219,4.3591
"482",11,48.1,290.756,324.86602,11.46883,10.35602,1.11281,29.75092,4.3591
"483",11,48.2,291.90702,325.91673,11.51016,10.5071,1.00306,29.65061,4.3591
"484",11,48.3,293.06234,326.97817,11.55321,10.61446,0.938750000000001,29.55673,4.3591
"485",11,48.4,294.22119,328.04565,11.58849,10.67481,0.913679999999999,29.46536,4.3591
"486",11,48.5,295.38156,329.11489,11.60373,10.69241,0.91132,29.37423,4.3591
"487",11,48.6,296.54048,330.18183,11.58919,10.66935,0.919840000000001,29.28225,4.3591
"488",11,48.7,297.69439,331.24196,11.53907,10.60135,0.937720000000001,29.18847,4.3591
"489",11,48.8,298.83943,332.29011,11.45043,10.48149,0.96894,29.09158,4.3591
"490",11,48.9,299.97201,333.32101,11.32577,10.309,1.01677,28.9899,4.3591
"491",11,49,301.0898,334.33064,11.17796,10.0963,1.08166,28.88174,4.3591
"492",11,49.1,302.19276,335.31743,11.02955,9.86786,1.16169,28.76557,4.3591
"493",11,49.2,303.28306,336.28268,10.90305,9.65256,1.25049,28.6405200000001,4.3591
"494",11,49.3,304.36407,337.23009,10.81008,9.47406,1.33602,28.50692,4.3591
"495",11,49.4,305.43897,338.16437,10.74896,9.34283,1.40613,28.3663,4.3591
"496",11,49.5,306.51003,339.08984,10.71062,9.25466,1.45596,28.22071,4.3591
"497",11,49.6,307.57859,340.00957,10.68558,9.19734,1.48824,28.07188,4.3591
"498",11,49.7,308.64531,340.9255,10.66727,9.1593,1.50797,27.92109,4.3591
"499",11,49.8,309.71058,341.8389,10.65268,9.13393,1.51875,27.76922,4.3591
"500",11,49.9,310.77481,342.75074,10.64224,9.11841,1.52383,27.61683,4.3591
"501",11,50,311.83862,343.66175,10.63812,9.11009,1.52803,27.46403,4.3591
"502",11,50.1,312.90277,344.57215,10.64148,9.10403,1.53745,27.31028,4.3591
"503",11,50.2,313.96786,345.48151,10.65092,9.0936,1.55732,27.15455,4.3591
"504",11,50.3,315.03425,346.38882,10.66395,9.07307,1.59088,26.99547,4.3591
"505",11,50.4,316.10222,347.29281,10.67971,9.03997,1.63974,26.83149,4.3591
"506",11,50.5,317.17227,348.19244,10.70051,8.99622,1.70429,26.66107,4.3591
"507",11,50.6,318.24546,349.0872,10.73188,8.9476,1.78428,26.48264,4.3591
"508",11,50.7,319.32366,349.97733,10.78203,8.90136,1.88067,26.29457,4.3591
"509",11,50.8,320.40966,350.8636,10.85997,8.86266,1.99731,26.09484,4.3591
"510",11,50.9,321.50671,351.74683,10.97045,8.83237,2.13808,25.88102,4.3591
"511",11,51,322.6175,352.62756,11.10792,8.80724,2.30068,25.65096,4.3591
"512",11,51.1,323.743,353.50568,11.25504,8.78122,2.47382,25.40358,4.3591
"513",11,51.2,324.88188,354.38031,11.38878,8.74627,2.64251,25.13933,4.3591
"514",11,51.3,326.03093,355.2496,11.49044,8.69292,2.79752,24.85957,4.3591
"515",11,51.4,327.18608,356.11083,11.55158,8.61236,2.93922,24.56565,4.3591
"516",11,51.5,328.34325,356.96079,11.57171,8.49952,3.07219,24.25844,4.3591
"517",11,51.6,329.49843,357.79634,11.55181,8.3555,3.19631,23.93881,4.3591
"518",11,51.7,330.64752,358.61519,11.49085,8.18849,3.30236,23.60857,4.3591
"519",11,51.8,331.78645,359.41652,11.38928,8.01331,3.37597,23.27097,4.3591
"520",11,51.9,332.912,360.20133,11.25552,7.8481,3.40742,22.93023,4.3591
"521",11,52,334.02281,360.97195,11.10806,7.70624,3.40182,22.59004,4.3591
"522",11,52.1,335.11978,361.73064,10.96971,7.58692,3.38279,22.25176,4.3591
"523",11,52.2,336.20554,362.47792,10.85761,7.47277,3.38484,21.91328,4.3591
"524",11,52.3,337.28324,363.21183,10.77702,7.33908,3.43794,21.56949,4.3591
"525",11,52.4,338.35551,363.9288,10.72269,7.1697,3.55299,21.21419,4.3591
"526",11,52.5,339.42401,364.62557,10.68502,6.9677,3.71732,20.84246,4.3591
"527",11,52.6,340.4896,365.30091,10.65593,6.75343,3.9025,20.45221,4.3591
"528",11,52.7,341.55271,365.95631,10.63103,6.55401,4.07702,20.0445,4.3591
"529",11,52.8,342.61347,366.59549,10.60764,6.39176,4.21588,19.62292,4.3591
"530",11,52.9,343.67154,367.22307,10.58071,6.27578,4.30493,19.19243,4.3591
"531",11,53,344.7256,367.8432,10.54055,6.20136,4.33919,18.7585,4.3591
"532",11,53.1,345.77313,368.45888,10.47534,6.15681,4.31853,18.32665,4.3591
"533",11,53.2,346.81092,369.07198,10.37789,6.13093,4.24696,17.90196,4.3591
"534",11,53.3,347.83612,369.68358,10.25201,6.11604,4.13597,17.48836,4.3591
"535",11,53.4,348.84742,370.29434,10.11298,6.10764,4.00534,17.08782,4.3591
"536",11,53.5,349.84547,370.90465,9.98052,6.10309,3.87743,16.70008,4.3591
"537",11,53.6,350.83233,371.51473,9.86862,6.10078,3.76784,16.3233,4.3591
"538",11,53.7,351.81024,372.12469,9.77905,6.09959,3.67946,15.95535,4.3591
"539",11,53.8,352.78047,372.73457,9.70231,6.09882,3.60349,15.595,4.3591
"540",11,53.9,353.74286,373.34438,9.6239,6.09809,3.52581,15.24242,4.3591
"541",11,54,354.69598,373.95413,9.53116,6.09747,3.43369,14.89905,4.3591
"542",11,54.1,355.63771,374.56386,9.41735,6.09729,3.32006,14.56705,4.3591
"543",11,54.2,356.5659,375.17364,9.28195,6.09785,3.1841,14.24864,4.3591
"544",11,54.3,357.47878,375.78356,9.12871,6.09914,3.02957,13.9456800000001,4.3591
"545",11,54.4,358.37514,376.39366,8.96369,6.10105,2.86264,13.65942,4.3591
"546",11,54.5,359.2545,377.00405,8.79355,6.10388,2.68967,13.39045,4.3591
"547",11,54.6,360.11673,377.61491,8.62226,6.10858,2.51368,13.13908,4.3591
"548",11,54.7,360.96133,378.2266,8.44609,6.11694,2.32915,12.90617,4.3591
"549",11,54.8,361.78668,378.83978,8.25344,6.13181,2.12163,12.694,4.3591
"550",11,54.9,362.59005,379.45557,8.03374,6.15786,1.87588,12.50642,4.3591
"551",11,55,363.36888,380.07578,7.78829,6.20207,1.58622,12.3478,4.3591
"552",11,55.1,364.1221,380.70301,7.53214,6.27238,1.25976,12.22181,4.3591
"553",11,55.2,364.85079,381.34032,7.28696,6.37309,0.913869999999999,12.13043,4.3591
"554",11,55.3,365.55795,381.99026,7.07157,6.49938,0.57219,12.07321,4.3591
"555",11,55.4,366.24743,382.65386,6.8948,6.63602,0.25878,12.04733,4.3591
"556",11,55.5,366.92278,383.33017,6.75353,6.76308,-0.00955000000000084,12.04829,4.3591
"557",11,55.6,367.58643,384.01671,6.63644,6.86536,-0.22892,12.07118,4.3591
"558",11,55.7,368.2395,384.71053,6.53079,6.93822,-0.407430000000001,12.11193,4.3591
"559",11,55.8,368.88244,385.40914,6.42936,6.98613,-0.55677,12.1676,4.3591
"560",11,55.9,369.51585,386.11081,6.33413,7.01666,-0.68253,12.23586,4.3591
"561",11,56,370.14115,386.81435,6.253,7.03541,-0.78241,12.3141,4.3591
"562",11,56.1,370.76039,387.51885,6.1924,7.04503,-0.85263,12.39936,4.3591
"563",11,56.2,371.37564,388.22356,6.15252,7.04713,-0.89461,12.48882,4.3591
"564",11,56.3,371.9885,388.92793,6.12854,7.04368,-0.91514,12.58033,4.3591
"565",11,56.4,372.59997,389.6316,6.11474,7.03664,-0.9219,12.67253,4.3591
"566",11,56.5,373.21067,390.33426,6.10695,7.02663,-0.91968,12.76449,4.3591
"567",11,56.6,373.82094,391.03547,6.10268,7.01214,-0.909459999999999,12.85543,4.3591
"568",11,56.7,374.43099,391.73441,6.10052,6.98937,-0.88885,12.94432,4.3591
"569",11,56.8,375.04096,392.42967,6.09973,6.95264,-0.85291,13.02961,4.3591
"570",11,56.9,375.65096,393.11932,6.09999,6.89647,-0.79648,13.10926,4.3591
"571",11,57,376.26109,393.80142,6.10133,6.82096,-0.71963,13.18123,4.3591
"572",11,57.1,376.87151,394.47526,6.10422,6.73847,-0.634250000000001,13.24465,4.3591
"573",11,57.2,377.4825,395.14279,6.10981,6.67523,-0.56542,13.30119,4.3591
"574",11,57.3,378.09452,395.80903,6.12026,6.66245,-0.54219,13.35541,4.3591
"575",11,57.4,378.70844,396.48095,6.1392,6.71918,-0.57998,13.41341,4.3591
"576",11,57.5,379.32569,397.16488,6.17245,6.83934,-0.66689,13.48009,4.3591
"577",11,57.6,379.94853,397.86421,6.22841,6.99326,-0.76485,13.55658,4.3591
"578",11,57.7,380.58015,398.57831,6.31627,7.14103,-0.824759999999999,13.63906,4.3591
"579",11,57.8,381.22424,399.30306,6.4409,7.24744,-0.80654,13.71972,4.3591
"580",11,57.9,381.8839,400.03245,6.59657,7.29394,-0.69737,13.78945,4.3591
"581",11,58,382.56041,400.76086,6.76511,7.28405,-0.51894,13.84135,4.3591
"582",11,58.1,383.25265,401.4849,6.92234,7.24049,-0.31815,13.87315,4.3591
"583",11,58.2,383.95759,402.20445,7.04946,7.1955,-0.14604,13.88776,4.3591
"584",11,58.3,384.67162,402.92218,7.14031,7.17728,-0.0369699999999993,13.89146,4.3591
"585",11,58.4,385.39162,403.6419,7.20002,7.19717,0.00285000000000046,13.89118,4.3591
"586",11,58.5,386.11541,404.36634,7.23787,7.24435,-0.00647999999999982,13.89183,4.3591
"587",11,58.6,386.84152,405.09546,7.26112,7.29126,-0.0301400000000003,13.89484,4.3591
"588",11,58.7,387.56889,405.82611,7.27361,7.3065,-0.0328900000000001,13.89812,4.3591
"589",11,58.8,388.29667,406.55297,7.27787,7.2686,0.00926999999999989,13.8972,4.3591
"590",11,58.9,389.02435,407.27054,7.27681,7.17568,0.10113,13.88709,4.3591
"591",11,59,389.7517,407.97534,7.27349,7.04803,0.22546,13.86454,4.3591
"592",11,59.1,390.47869,408.66745,7.26992,6.92103,0.34889,13.82966,4.3591
"593",11,59.2,391.20535,409.35044,7.26659,6.82995,0.43664,13.78599,4.3591
"594",11,59.3,391.93165,410.02974,7.26299,6.79303,0.46996,13.73899,4.3591
"595",11,59.4,392.65747,410.70996,7.25814,6.8022,0.45594,13.69339,4.3591
"596",11,59.5,393.38252,411.39288,7.25058,6.82919,0.421390000000001,13.65126,4.3591
"597",11,59.6,394.10633,412.07732,7.23803,6.84434,0.39369,13.61189,4.3591
"598",11,59.7,394.8281,412.76074,7.21776,6.83425,0.38351,13.57354,4.3591
"599",11,59.8,395.54699,413.44128,7.1889,6.8054,0.383500000000001,13.53519,4.3591
"600",11,59.9,396.26249,414.11848,7.155,6.77199,0.383010000000001,13.49689,4.3591
"601",11,60,396.97473,414.79256,7.12239,6.74074,0.38165,13.45873,4.3591
"602",11,60.1,397.68399,415.46335,7.09258,6.70795,0.38463,13.42026,4.3591
"603",11,60.2,398.3896,416.13052,7.05608,6.67171,0.38437,13.38182,4.3591
"604",11,60.3,399.08941,416.79505,6.99812,6.64524,0.35288,13.34654,4.3591
"605",11,60.4,399.78085,417.46056,6.91443,6.65518,0.259250000000001,13.32061,4.3591
"606",11,60.5,400.46293,418.13295,6.82077,6.72386,0.0969100000000003,13.31092,4.3591
"607",11,60.6,401.1373,418.8181,6.74375,6.85148,-0.107729999999999,13.3217,4.3591
"608",11,60.7,401.80729,419.51953,6.69982,7.01431,-0.31449,13.35314,4.3591
"609",11,60.8,402.47563,420.23723,6.68343,7.17699,-0.49356,13.4025,4.3591
"610",11,60.9,403.14313,420.968,6.67498,7.30777,-0.63279,13.46577,4.3591
"611",11,61,403.80892,421.70696,6.65789,7.38956,-0.73167,13.53894,4.3591
"612",11,61.1,404.47167,422.44934,6.62749,7.4238,-0.79631,13.61857,4.3591
"613",11,61.2,405.13041,423.19216,6.58746,7.42816,-0.8407,13.70265,4.3591
"614",11,61.3,405.78484,423.93522,6.54425,7.43064,-0.88639,13.79128,4.3591
"615",11,61.4,406.4356,424.68112,6.50764,7.45901,-0.95137,13.88642,4.3591
"616",11,61.5,407.08479,425.4338,6.49186,7.52674,-1.03488,13.98991,4.3591
"617",11,61.6,407.73568,426.19617,6.50893,7.62371,-1.11478,14.10139,4.3591
"618",11,61.7,408.3915,426.96831,6.55822,7.72143,-1.16321,14.21771,4.3591
"619",11,61.8,409.05401,427.74747,6.62512,7.7916,-1.16648,14.33436,4.3591
"620",11,61.9,409.72334,428.52993,6.69323,7.82458,-1.13135,14.44749,4.3591
"621",11,62,410.39921,429.31329,6.75872,7.83365,-1.07493,14.55498,4.3591
"622",11,62.1,411.08229,430.09745,6.83082,7.8416,-1.01078,14.65606,4.3591
"623",11,62.2,411.77409,430.88361,6.91795,7.86158,-0.94363,14.75042,4.3591
"624",11,62.3,412.47563,431.67247,7.01543,7.88857,-0.873139999999999,14.83774,4.3591
"625",11,62.4,413.18656,432.46332,7.1093,7.90856,-0.799259999999999,14.91766,4.3591
"626",11,62.5,413.90566,433.25496,7.19101,7.91637,-0.725359999999999,14.9902,4.3591
"627",11,62.6,414.63207,434.04744,7.26409,7.92481,-0.66072,15.05627,4.3591
"628",11,62.7,415.3656,434.843,7.3353,7.95555,-0.62025,15.1183,4.3591
"629",11,62.8,416.10587,435.64489,7.40272,8.0189,-0.61618,15.17992,4.3591
"630",11,62.9,416.85136,436.45493,7.45492,8.10046,-0.64554,15.24447,4.3591
"631",11,63,417.59941,437.27172,7.48051,8.16785,-0.68734,15.31321,4.3591
"632",11,63.1,418.34722,438.0912,7.47808,8.19485,-0.71677,15.38488,4.3591
"633",11,63.2,419.09322,438.90956,7.45995,8.18359,-0.723640000000001,15.45724,4.3591
"634",11,63.3,419.83815,439.72597,7.4493,8.16409,-0.71479,15.52872,4.3591
"635",11,63.4,420.5852,440.54289,7.4705,8.16922,-0.698719999999999,15.59859,4.3591
"636",11,63.5,421.33869,441.36361,7.53489,8.20717,-0.67228,15.66582,4.3591
"637",11,63.6,422.10181,442.18922,7.63124,8.25615,-0.62491,15.72831,4.3591
"638",11,63.7,422.87489,443.01772,7.73079,8.28491,-0.55412,15.78373,4.3591
"639",11,63.8,423.65547,443.8457,7.80581,8.27983,-0.47402,15.83113,4.3591
"640",11,63.9,424.44028,444.67126,7.84807,8.25562,-0.407550000000001,15.87188,4.3591
"641",11,64,425.22759,445.49554,7.87313,8.24281,-0.369680000000001,15.90885,4.3591
"642",11,64.1,426.01822,446.32199,7.90636,8.26449,-0.35813,15.94467,4.3591
"643",11,64.2,426.8143,447.15407,7.96079,8.32081,-0.36002,15.98067,4.3591
"644",11,64.3,427.61667,447.99327,8.0237,8.39198,-0.36828,16.0175,4.3591
"645",11,64.4,428.42305,448.83885,8.0638,8.45585,-0.392049999999999,16.0567,4.3591
"646",11,64.5,429.22847,449.68936,8.05415,8.50503,-0.45088,16.10179,4.3591
